{"cameraMode":{"drawMode":0,"name":"Shaded","section":"Shading Mode"},"sceneLighting":true,"audioPlay":false,"sceneViewState":{"m_AlwaysRefresh":false,"showFog":true,"showSkybox":false,"showFlares":true,"showImageEffects":true,"showParticleSystems":true,"showVisualEffectGraphs":true,"m_FxEnabled":true},"in2DMode":false,"pivot":{"x":-0.11629050970077515,"y":0.14088201522827149,"z":1.342752456665039},"rotation":{"x":-0.10686857253313065,"y":-0.34820297360420229,"z":0.04158354550600052,"w":-0.9313440918922424},"size":0.3053444027900696,"orthographic":false}