{"cameraMode":{"drawMode":0,"name":"Shaded","section":"Shading Mode"},"sceneLighting":false,"audioPlay":false,"sceneViewState":{"m_AlwaysRefresh":false,"showFog":true,"showSkybox":false,"showFlares":true,"showImageEffects":true,"showParticleSystems":true,"showVisualEffectGraphs":true,"m_FxEnabled":true},"in2DMode":false,"pivot":{"x":-0.23010702431201936,"y":0.09477823972702027,"z":-0.3581196069717407},"rotation":{"x":0.06121173873543739,"y":-0.04848746210336685,"z":0.0030024023726582529,"w":0.9971726536750794},"size":0.1512637436389923,"orthographic":false}