{"cameraMode":{"drawMode":0,"name":"Shaded","section":"Shading Mode"},"sceneLighting":false,"audioPlay":false,"sceneViewState":{"m_AlwaysRefresh":false,"showFog":true,"showSkybox":false,"showFlares":true,"showImageEffects":true,"showParticleSystems":true,"showVisualEffectGraphs":true,"m_FxEnabled":true},"in2DMode":false,"pivot":{"x":-0.06746256351470947,"y":1.0601025819778443,"z":0.201526939868927},"rotation":{"x":-0.06188784912228584,"y":0.9231733083724976,"z":-0.1677992045879364,"w":-0.3403370678424835},"size":0.47184568643569949,"orthographic":false}