{"cameraMode":{"drawMode":0,"name":"Shaded","section":"Shading Mode"},"sceneLighting":true,"audioPlay":false,"sceneViewState":{"m_AlwaysRefresh":false,"showFog":true,"showSkybox":false,"showFlares":true,"showImageEffects":true,"showParticleSystems":true,"showVisualEffectGraphs":true,"m_FxEnabled":true},"in2DMode":false,"pivot":{"x":0.1851857602596283,"y":-0.0370413213968277,"z":0.2866526246070862},"rotation":{"x":0.01600622944533825,"y":0.8411498665809631,"z":-0.02577056549489498,"w":0.5415761470794678},"size":0.5660253763198853,"orthographic":false}